d Dataset,Configuration,Planets,MAP BIC,Convergence %,Max GR,Preferred_BIC,File
DS1,2activity_indi,1p,4064.94,96.55172413793103,1.167022,True,configuration_file_emcee_run_DS1_1p_2activity_indi.log
DS1,2activity_indi,2p,4073.05,97.05882352941177,1.147018,False,configuration_file_emcee_run_DS1_2p_2activity_indi.log
DS1,2activity_indi,3p,4101.75,94.87179487179486,1.315808,False,configuration_file_emcee_run_DS1_3p_2activity_indi.log
DS1,4activity_indi,1p,-1672.83,100.0,1.030045,True,configuration_file_emcee_run_DS1_1p_4activity_indi.log
DS1,4activity_indi,2p,-1671.98,95.83333333333334,1.198929,False,configuration_file_emcee_run_DS1_2p_4activity_indi.log
DS1,4activity_indi,3p,-1649.5,92.45283018867924,1.172212,False,configuration_file_emcee_run_DS1_3p_4activity_indi.log
DS1,5activity_indi,1p,2294.32,100.0,1.032229,True,configuration_file_emcee_run_DS1_1p_5activity_indi.log
DS1,5activity_indi,2p,2312.26,98.18181818181819,1.114506,False,configuration_file_emcee_run_DS1_2p_5activity_indi.log
DS1,5activity_indi,3p,2339.16,96.66666666666667,1.236673,False,configuration_file_emcee_run_DS1_3p_5activity_indi.log
DS1,CCFs,1p,6741.09,100.0,1.013864,True,configuration_file_emcee_run_DS1_1p_CCFs.log
DS1,CCFs,2p,6762.07,100.0,1.080716,False,configuration_file_emcee_run_DS1_2p_CCFs.log
DS1,CCFs,3p,6782.8,89.74358974358975,1.15936,False,configuration_file_emcee_run_DS1_3p_CCFs.log
DS1,white_noise,1p,1172.78,100.0,1.001249,False,configuration_file_emcee_run_DS1_1p_white_noise.log
DS1,white_noise,2p,1128.68,100.0,1.00404,False,configuration_file_emcee_run_DS1_2p_white_noise.log
DS1,white_noise,3p,1110.86,100.0,1.00612,True,configuration_file_emcee_run_DS1_3p_white_noise.log
DS2,2activity_indi,1p,4632.53,100.0,1.010268,True,configuration_file_emcee_run_DS2_1p_2activity_indi.log
DS2,2activity_indi,2p,4649.26,100.0,1.031698,False,configuration_file_emcee_run_DS2_2p_2activity_indi.log
DS2,2activity_indi,3p,4639.91,97.43589743589743,1.18307,False,configuration_file_emcee_run_DS2_3p_2activity_indi.log
DS2,4activity_indi,1p,-1844.43,95.34883720930233,1.151369,True,configuration_file_emcee_run_DS2_1p_4activity_indi.log
DS2,4activity_indi,2p,-1834.37,100.0,1.034983,False,configuration_file_emcee_run_DS2_2p_4activity_indi.log
DS2,4activity_indi,3p,-1828.94,100.0,1.057965,False,configuration_file_emcee_run_DS2_3p_4activity_indi.log
DS2,5activity_indi,1p,2627.94,98.0,1.128344,False,configuration_file_emcee_run_DS2_1p_5activity_indi.log
DS2,5activity_indi,2p,2627.36,98.18181818181819,1.237356,True,configuration_file_emcee_run_DS2_2p_5activity_indi.log
DS2,5activity_indi,3p,2639.32,100.0,1.04462,False,configuration_file_emcee_run_DS2_3p_5activity_indi.log
DS2,CCFs,1p,7586.09,100.0,1.023264,True,configuration_file_emcee_run_DS2_1p_CCFs.log
DS2,CCFs,2p,7592.88,94.11764705882352,1.196392,False,configuration_file_emcee_run_DS2_2p_CCFs.log
DS2,CCFs,3p,7599.41,100.0,1.020445,False,configuration_file_emcee_run_DS2_3p_CCFs.log
DS2,white_noise,1p,1251.33,100.0,1.001808,False,configuration_file_emcee_run_DS2_1p_white_noise.log
DS2,white_noise,2p,1252.95,86.66666666666667,1.132208,False,configuration_file_emcee_run_DS2_2p_white_noise.log
DS2,white_noise,3p,1243.03,100.0,1.006444,True,configuration_file_emcee_run_DS2_3p_white_noise.log
DS3,2activity_indi,1p,4590.74,100.0,1.007801,True,configuration_file_emcee_run_DS3_1p_2activity_indi.log
DS3,2activity_indi,2p,4607.27,91.17647058823529,1.191166,False,configuration_file_emcee_run_DS3_2p_2activity_indi.log
DS3,2activity_indi,3p,4627.33,94.87179487179486,1.236496,False,configuration_file_emcee_run_DS3_3p_2activity_indi.log
DS3,4activity_indi,1p,-1873.96,100.0,1.023192,True,configuration_file_emcee_run_DS3_1p_4activity_indi.log
DS3,4activity_indi,2p,-1850.48,97.91666666666666,1.146842,False,configuration_file_emcee_run_DS3_2p_4activity_indi.log
DS3,4activity_indi,3p,-1837.65,96.22641509433963,1.230082,False,configuration_file_emcee_run_DS3_3p_4activity_indi.log
DS3,5activity_indi,1p,2635.43,100.0,1.032529,True,configuration_file_emcee_run_DS3_1p_5activity_indi.log
DS3,5activity_indi,2p,2655.61,96.36363636363636,1.194942,False,configuration_file_emcee_run_DS3_2p_5activity_indi.log
DS3,5activity_indi,3p,2696.86,98.33333333333333,1.146743,False,configuration_file_emcee_run_DS3_3p_5activity_indi.log
DS3,CCFs,1p,7641.69,93.10344827586206,1.193377,True,configuration_file_emcee_run_DS3_1p_CCFs.log
DS3,CCFs,2p,7646.59,94.11764705882352,1.205906,False,configuration_file_emcee_run_DS3_2p_CCFs.log
DS3,CCFs,3p,7659.21,94.87179487179486,1.340343,False,configuration_file_emcee_run_DS3_3p_CCFs.log
DS3,white_noise,1p,1270.9,100.0,1.001113,False,configuration_file_emcee_run_DS3_1p_white_noise.log
DS3,white_noise,2p,1262.95,100.0,1.002377,False,configuration_file_emcee_run_DS3_2p_white_noise.log
DS3,white_noise,3p,1238.72,100.0,1.005765,True,configuration_file_emcee_run_DS3_3p_white_noise.log
DS4,2activity_indi,1p,3944.28,100.0,1.011679,True,configuration_file_emcee_run_DS4_1p_2activity_indi.log
DS4,2activity_indi,2p,3960.65,97.05882352941177,1.295636,False,configuration_file_emcee_run_DS4_2p_2activity_indi.log
DS4,2activity_indi,3p,3984.0,97.43589743589743,1.207176,False,configuration_file_emcee_run_DS4_3p_2activity_indi.log
DS4,4activity_indi,1p,-1561.38,100.0,1.044355,False,configuration_file_emcee_run_DS4_1p_4activity_indi.log
DS4,4activity_indi,2p,-1569.36,97.91666666666666,1.160566,True,configuration_file_emcee_run_DS4_2p_4activity_indi.log
DS4,4activity_indi,3p,-1545.51,96.22641509433963,1.217246,False,configuration_file_emcee_run_DS4_3p_4activity_indi.log
DS4,5activity_indi,1p,2318.16,96.0,1.282619,False,configuration_file_emcee_run_DS4_1p_5activity_indi.log
DS4,5activity_indi,2p,2309.69,96.36363636363636,1.415417,True,configuration_file_emcee_run_DS4_2p_5activity_indi.log
DS4,5activity_indi,3p,2345.99,95.0,1.133865,False,configuration_file_emcee_run_DS4_3p_5activity_indi.log
DS4,CCFs,1p,6544.43,100.0,1.04237,False,configuration_file_emcee_run_DS4_1p_CCFs.log
DS4,CCFs,2p,6542.78,94.11764705882352,1.27231,True,configuration_file_emcee_run_DS4_2p_CCFs.log
DS4,CCFs,3p,6570.74,94.87179487179486,1.170293,False,configuration_file_emcee_run_DS4_3p_CCFs.log
DS4,white_noise,1p,1121.69,100.0,1.001433,False,configuration_file_emcee_run_DS4_1p_white_noise.log
DS4,white_noise,2p,1092.65,100.0,1.003027,False,configuration_file_emcee_run_DS4_2p_white_noise.log
DS4,white_noise,3p,1074.86,100.0,1.005881,True,configuration_file_emcee_run_DS4_3p_white_noise.log
DS5,2activity_indi,1p,4054.02,100.0,1.0243,True,configuration_file_emcee_run_DS5_1p_2activity_indi.log
DS5,2activity_indi,2p,4067.0,100.0,1.023631,False,configuration_file_emcee_run_DS5_2p_2activity_indi.log
DS5,2activity_indi,3p,4076.51,92.3076923076923,1.169589,False,configuration_file_emcee_run_DS5_3p_2activity_indi.log
DS5,4activity_indi,1p,-1550.87,100.0,1.059688,True,configuration_file_emcee_run_DS5_1p_4activity_indi.log
DS5,4activity_indi,2p,-1539.95,100.0,1.065768,False,configuration_file_emcee_run_DS5_2p_4activity_indi.log
DS5,4activity_indi,3p,-1521.94,73.58490566037736,1.351323,False,configuration_file_emcee_run_DS5_3p_4activity_indi.log
DS5,5activity_indi,1p,2371.48,100.0,1.056838,True,configuration_file_emcee_run_DS5_1p_5activity_indi.log
DS5,5activity_indi,2p,2393.65,100.0,1.053341,False,configuration_file_emcee_run_DS5_2p_5activity_indi.log
DS5,5activity_indi,3p,2403.12,96.66666666666667,1.342087,False,configuration_file_emcee_run_DS5_3p_5activity_indi.log
DS5,CCFs,1p,6684.5,100.0,1.013259,True,configuration_file_emcee_run_DS5_1p_CCFs.log
DS5,CCFs,2p,6705.87,97.05882352941177,1.123939,False,configuration_file_emcee_run_DS5_2p_CCFs.log
DS5,CCFs,3p,6719.88,92.3076923076923,1.164956,False,configuration_file_emcee_run_DS5_3p_CCFs.log
DS5,white_noise,1p,1129.24,100.0,1.000776,False,configuration_file_emcee_run_DS5_1p_white_noise.log
DS5,white_noise,2p,1101.51,100.0,1.002459,False,configuration_file_emcee_run_DS5_2p_white_noise.log
DS5,white_noise,3p,1092.04,100.0,1.04707,True,configuration_file_emcee_run_DS5_3p_white_noise.log
DS6,2activity_indi,1p,4487.87,79.3103448275862,1.455808,True,configuration_file_emcee_run_DS6_1p_2activity_indi.log
DS6,2activity_indi,2p,4503.45,94.11764705882352,1.134969,False,configuration_file_emcee_run_DS6_2p_2activity_indi.log
DS6,2activity_indi,3p,4509.7,100.0,1.05013,False,configuration_file_emcee_run_DS6_3p_2activity_indi.log
DS6,4activity_indi,1p,-1971.45,100.0,1.035405,True,configuration_file_emcee_run_DS6_1p_4activity_indi.log
DS6,4activity_indi,2p,-1945.56,100.0,1.086613,False,configuration_file_emcee_run_DS6_2p_4activity_indi.log
DS6,4activity_indi,3p,-1931.99,98.11320754716981,1.114394,False,configuration_file_emcee_run_DS6_3p_4activity_indi.log
DS6,5activity_indi,1p,2454.02,98.0,1.14121,True,configuration_file_emcee_run_DS6_1p_5activity_indi.log
DS6,5activity_indi,2p,2467.22,100.0,1.059001,False,configuration_file_emcee_run_DS6_2p_5activity_indi.log
DS6,5activity_indi,3p,2472.29,100.0,1.068877,False,configuration_file_emcee_run_DS6_3p_5activity_indi.log
DS6,CCFs,1p,7443.58,100.0,1.017162,True,configuration_file_emcee_run_DS6_1p_CCFs.log
DS6,CCFs,2p,7476.6,61.76470588235294,1.306518,False,configuration_file_emcee_run_DS6_2p_CCFs.log
DS6,CCFs,3p,7466.22,94.87179487179486,1.434822,False,configuration_file_emcee_run_DS6_3p_CCFs.log
DS6,white_noise,1p,1323.38,100.0,1.001842,False,configuration_file_emcee_run_DS6_1p_white_noise.log
DS6,white_noise,2p,1172.71,100.0,1.003124,False,configuration_file_emcee_run_DS6_2p_white_noise.log
DS6,white_noise,3p,1169.7,100.0,1.005712,True,configuration_file_emcee_run_DS6_3p_white_noise.log
DS7,2activity_indi,1p,4075.81,100.0,1.009448,True,configuration_file_emcee_run_DS7_1p_2activity_indi.log
DS7,2activity_indi,2p,4077.85,100.0,1.012621,False,configuration_file_emcee_run_DS7_2p_2activity_indi.log
DS7,2activity_indi,3p,4087.33,100.0,1.063775,False,configuration_file_emcee_run_DS7_3p_2activity_indi.log
DS7,4activity_indi,1p,-1709.48,100.0,1.024397,True,configuration_file_emcee_run_DS7_1p_4activity_indi.log
DS7,4activity_indi,2p,-1708.09,100.0,1.035956,False,configuration_file_emcee_run_DS7_2p_4activity_indi.log
DS7,4activity_indi,3p,-1703.01,100.0,1.044171,False,configuration_file_emcee_run_DS7_3p_4activity_indi.log
DS7,5activity_indi,1p,2241.78,100.0,1.032201,True,configuration_file_emcee_run_DS7_1p_5activity_indi.log
DS7,5activity_indi,2p,2241.91,100.0,1.039081,False,configuration_file_emcee_run_DS7_2p_5activity_indi.log
DS7,5activity_indi,3p,2242.17,100.0,1.0429,False,configuration_file_emcee_run_DS7_3p_5activity_indi.log
DS7,CCFs,1p,6701.37,100.0,1.012621,False,configuration_file_emcee_run_DS7_1p_CCFs.log
DS7,CCFs,2p,6698.28,100.0,1.016788,False,configuration_file_emcee_run_DS7_2p_CCFs.log
DS7,CCFs,3p,6693.05,100.0,1.019516,True,configuration_file_emcee_run_DS7_3p_CCFs.log
DS7,white_noise,1p,1126.35,100.0,1.001442,False,configuration_file_emcee_run_DS7_1p_white_noise.log
DS7,white_noise,2p,1103.76,100.0,1.00254,True,configuration_file_emcee_run_DS7_2p_white_noise.log
DS7,white_noise,3p,1104.87,100.0,1.004516,False,configuration_file_emcee_run_DS7_3p_white_noise.log
DS8,2activity_indi,1p,4529.46,100.0,1.011405,True,configuration_file_emcee_run_DS8_1p_2activity_indi.log
DS8,2activity_indi,2p,4536.71,100.0,1.016936,False,configuration_file_emcee_run_DS8_2p_2activity_indi.log
DS8,2activity_indi,3p,4553.41,97.43589743589743,1.17961,False,configuration_file_emcee_run_DS8_3p_2activity_indi.log
DS8,4activity_indi,1p,-1911.5,100.0,1.040941,True,configuration_file_emcee_run_DS8_1p_4activity_indi.log
DS8,4activity_indi,2p,-1892.54,97.91666666666666,1.152919,False,configuration_file_emcee_run_DS8_2p_4activity_indi.log
DS8,4activity_indi,3p,-1889.18,96.22641509433963,1.291215,False,configuration_file_emcee_run_DS8_3p_4activity_indi.log
DS8,5activity_indi,1p,2538.35,100.0,1.031252,True,configuration_file_emcee_run_DS8_1p_5activity_indi.log
DS8,5activity_indi,2p,2561.19,100.0,1.095369,False,configuration_file_emcee_run_DS8_2p_5activity_indi.log
DS8,5activity_indi,3p,2575.39,96.66666666666667,1.558451,False,configuration_file_emcee_run_DS8_3p_5activity_indi.log
DS8,CCFs,1p,7596.63,100.0,1.078287,False,configuration_file_emcee_run_DS8_1p_CCFs.log
DS8,CCFs,2p,7575.87,100.0,1.016412,True,configuration_file_emcee_run_DS8_2p_CCFs.log
DS8,CCFs,3p,7595.45,97.43589743589743,1.265754,False,configuration_file_emcee_run_DS8_3p_CCFs.log
DS8,white_noise,1p,1325.74,100.0,1.000892,False,configuration_file_emcee_run_DS8_1p_white_noise.log
DS8,white_noise,2p,1320.83,100.0,1.002833,False,configuration_file_emcee_run_DS8_2p_white_noise.log
DS8,white_noise,3p,1312.31,100.0,1.006056,True,configuration_file_emcee_run_DS8_3p_white_noise.log
DS9,2activity_indi,1p,3418.64,100.0,1.011357,True,configuration_file_emcee_run_DS9_1p_2activity_indi.log
DS9,2activity_indi,2p,3431.4,97.05882352941177,1.187374,False,configuration_file_emcee_run_DS9_2p_2activity_indi.log
DS9,2activity_indi,3p,3453.84,92.3076923076923,1.240154,False,configuration_file_emcee_run_DS9_3p_2activity_indi.log
DS9,4activity_indi,1p,-1357.67,100.0,1.025395,True,configuration_file_emcee_run_DS9_1p_4activity_indi.log
DS9,4activity_indi,2p,-1352.77,100.0,1.03439,False,configuration_file_emcee_run_DS9_2p_4activity_indi.log
DS9,4activity_indi,3p,-1337.14,94.33962264150944,1.150647,False,configuration_file_emcee_run_DS9_3p_4activity_indi.log
DS9,5activity_indi,1p,2026.52,100.0,1.028823,False,configuration_file_emcee_run_DS9_1p_5activity_indi.log
DS9,5activity_indi,2p,2024.81,100.0,1.06039,True,configuration_file_emcee_run_DS9_2p_5activity_indi.log
DS9,5activity_indi,3p,2044.52,95.0,1.165383,False,configuration_file_emcee_run_DS9_3p_5activity_indi.log
DS9,CCFs,1p,5679.86,100.0,1.010654,True,configuration_file_emcee_run_DS9_1p_CCFs.log
DS9,CCFs,2p,5684.43,97.05882352941177,1.301187,False,configuration_file_emcee_run_DS9_2p_CCFs.log
DS9,CCFs,3p,5705.78,94.87179487179486,1.220418,False,configuration_file_emcee_run_DS9_3p_CCFs.log
DS9,white_noise,1p,966.23,100.0,1.001237,False,configuration_file_emcee_run_DS9_1p_white_noise.log
DS9,white_noise,2p,945.94,100.0,1.003211,False,configuration_file_emcee_run_DS9_2p_white_noise.log
DS9,white_noise,3p,929.62,100.0,1.005965,True,configuration_file_emcee_run_DS9_3p_white_noise.log
