Dataset,Configuration,Planets,Median BIC,ΔBIC,Convergence %,Max GR,Preferred_BIC,File
DS1,2_activity_indi_single,0p,4504.97,107.61000000000058,100.0,1.007843,False,configuration_file_emcee_run_DS1_0p_2_activity_indi_single.log
DS1,2_activity_indi_single,1p,4397.36,0.0,96.55172413793103,1.11831,True,configuration_file_emcee_run_DS1_1p_2_activity_indi_single.log
DS1,2_activity_indi_single,2p,4398.97,1.610000000000582,94.11764705882352,1.150121,False,configuration_file_emcee_run_DS1_2p_2_activity_indi_single.log
DS1,2_activity_indi_single,3p,4434.69,37.32999999999993,87.17948717948718,1.267496,False,configuration_file_emcee_run_DS1_3p_2_activity_indi_single.log
DS1,4_activity_indi_single,0p,5087.74,123.82999999999993,100.0,1.074507,False,configuration_file_emcee_run_DS1_0p_4_activity_indi_single.log
DS1,4_activity_indi_single,1p,4963.91,0.0,100.0,1.093574,True,configuration_file_emcee_run_DS1_1p_4_activity_indi_single.log
DS1,4_activity_indi_single,2p,4984.02,20.110000000000582,95.83333333333334,1.277043,False,configuration_file_emcee_run_DS1_2p_4_activity_indi_single.log
DS1,4_activity_indi_single,3p,4998.52,34.61000000000058,96.22641509433963,1.134484,False,configuration_file_emcee_run_DS1_3p_4_activity_indi_single.log
DS1,5_activity_indi_single,0p,2555.05,117.98000000000002,100.0,1.062248,False,configuration_file_emcee_run_DS1_0p_5_activity_indi_single.log
DS1,5_activity_indi_single,1p,2437.07,0.0,100.0,1.047741,True,configuration_file_emcee_run_DS1_1p_5_activity_indi_single.log
DS1,5_activity_indi_single,2p,2449.15,12.079999999999927,100.0,1.062109,False,configuration_file_emcee_run_DS1_2p_5_activity_indi_single.log
DS1,5_activity_indi_single,3p,2471.83,34.75999999999976,86.66666666666667,1.132152,False,configuration_file_emcee_run_DS1_3p_5_activity_indi_single.log
DS1,ccfs_single,0p,7080.97,123.84000000000015,100.0,1.010718,False,configuration_file_emcee_run_DS1_0p_ccfs_single.log
DS1,ccfs_single,1p,6957.13,0.0,96.55172413793103,1.252981,True,configuration_file_emcee_run_DS1_1p_ccfs_single.log
DS1,ccfs_single,2p,6957.75,0.6199999999998909,100.0,1.019752,False,configuration_file_emcee_run_DS1_2p_ccfs_single.log
DS1,ccfs_single,3p,6988.11,30.979999999999563,97.43589743589743,1.165522,False,configuration_file_emcee_run_DS1_3p_ccfs_single.log
DS2,2_activity_indi_single,0p,4981.49,0.5299999999997453,91.66666666666666,1.220197,False,configuration_file_emcee_run_DS2_0p_2_activity_indi_single.log
DS2,2_activity_indi_single,1p,4980.96,0.0,93.10344827586206,1.283969,True,configuration_file_emcee_run_DS2_1p_2_activity_indi_single.log
DS2,2_activity_indi_single,2p,4997.46,16.5,94.11764705882352,1.18781,False,configuration_file_emcee_run_DS2_2p_2_activity_indi_single.log
DS2,2_activity_indi_single,3p,5017.76,36.80000000000018,87.17948717948718,1.338002,False,configuration_file_emcee_run_DS2_3p_2_activity_indi_single.log
DS2,4_activity_indi_single,0p,5673.48,0.0,100.0,1.06263,True,configuration_file_emcee_run_DS2_0p_4_activity_indi_single.log
DS2,4_activity_indi_single,1p,5679.64,6.160000000000764,100.0,1.034462,False,configuration_file_emcee_run_DS2_1p_4_activity_indi_single.log
DS2,4_activity_indi_single,2p,5688.33,14.850000000000364,100.0,1.052959,False,configuration_file_emcee_run_DS2_2p_4_activity_indi_single.log
DS2,4_activity_indi_single,3p,5702.43,28.950000000000728,96.22641509433963,1.236144,False,configuration_file_emcee_run_DS2_3p_4_activity_indi_single.log
DS2,5_activity_indi_single,0p,2813.68,0.0,100.0,1.09323,True,configuration_file_emcee_run_DS2_0p_5_activity_indi_single.log
DS2,5_activity_indi_single,1p,2858.88,45.20000000000027,6.0,1.54157,False,configuration_file_emcee_run_DS2_1p_5_activity_indi_single.log
DS2,5_activity_indi_single,2p,3818.74,1005.06,41.81818181818181,1.171038,False,configuration_file_emcee_run_DS2_2p_5_activity_indi_single.log
DS2,5_activity_indi_single,3p,2857.19,43.51000000000022,86.66666666666667,1.203002,False,configuration_file_emcee_run_DS2_3p_5_activity_indi_single.log
DS2,ccfs_single,0p,7843.56,8.760000000000218,100.0,1.081836,False,configuration_file_emcee_run_DS2_0p_ccfs_single.log
DS2,ccfs_single,1p,7834.8,0.0,96.55172413793103,1.119637,True,configuration_file_emcee_run_DS2_1p_ccfs_single.log
DS2,ccfs_single,2p,7850.35,15.550000000000182,100.0,1.055275,False,configuration_file_emcee_run_DS2_2p_ccfs_single.log
DS2,ccfs_single,3p,7869.93,35.13000000000011,97.43589743589743,1.249969,False,configuration_file_emcee_run_DS2_3p_ccfs_single.log
DS3,2_activity_indi_single,0p,4948.12,0.0,100.0,1.016751,True,configuration_file_emcee_run_DS3_0p_2_activity_indi_single.log
DS3,2_activity_indi_single,1p,4956.6,8.480000000000473,93.10344827586206,1.185459,False,configuration_file_emcee_run_DS3_1p_2_activity_indi_single.log
DS3,2_activity_indi_single,2p,4974.88,26.76000000000022,97.05882352941177,1.111146,False,configuration_file_emcee_run_DS3_2p_2_activity_indi_single.log
DS3,2_activity_indi_single,3p,5013.23,65.10999999999967,82.05128205128204,1.248974,False,configuration_file_emcee_run_DS3_3p_2_activity_indi_single.log
DS3,4_activity_indi_single,0p,5627.86,0.0,100.0,1.014376,True,configuration_file_emcee_run_DS3_0p_4_activity_indi_single.log
DS3,4_activity_indi_single,1p,5638.08,10.220000000000255,100.0,1.028808,False,configuration_file_emcee_run_DS3_1p_4_activity_indi_single.log
DS3,4_activity_indi_single,2p,5658.2,30.340000000000146,97.91666666666666,1.146107,False,configuration_file_emcee_run_DS3_2p_4_activity_indi_single.log
DS3,4_activity_indi_single,3p,5637.09,9.230000000000473,100.0,1.042834,False,configuration_file_emcee_run_DS3_3p_4_activity_indi_single.log
DS3,5_activity_indi_single,0p,2795.4,0.0,100.0,1.023595,True,configuration_file_emcee_run_DS3_0p_5_activity_indi_single.log
DS3,5_activity_indi_single,1p,2807.39,11.989999999999782,100.0,1.047519,False,configuration_file_emcee_run_DS3_1p_5_activity_indi_single.log
DS3,5_activity_indi_single,2p,2828.12,32.7199999999998,96.36363636363636,1.154463,False,configuration_file_emcee_run_DS3_2p_5_activity_indi_single.log
DS3,5_activity_indi_single,3p,2835.37,39.9699999999998,86.66666666666667,1.209112,False,configuration_file_emcee_run_DS3_3p_5_activity_indi_single.log
DS3,ccfs_single,0p,7882.77,0.0,100.0,1.00692,True,configuration_file_emcee_run_DS3_0p_ccfs_single.log
DS3,ccfs_single,1p,7894.76,11.989999999999782,93.10344827586206,1.144414,False,configuration_file_emcee_run_DS3_1p_ccfs_single.log
DS3,ccfs_single,2p,7898.64,15.86999999999989,97.05882352941177,1.175607,False,configuration_file_emcee_run_DS3_2p_ccfs_single.log
DS3,ccfs_single,3p,7905.56,22.789999999999964,94.87179487179486,1.212898,False,configuration_file_emcee_run_DS3_3p_ccfs_single.log
DS4,2_activity_indi_single,0p,4290.67,2.0299999999997453,91.66666666666666,1.312944,False,configuration_file_emcee_run_DS4_0p_2_activity_indi_single.log
DS4,2_activity_indi_single,1p,4288.64,0.0,100.0,1.017088,True,configuration_file_emcee_run_DS4_1p_2_activity_indi_single.log
DS4,2_activity_indi_single,2p,4309.76,21.11999999999989,94.11764705882352,1.173426,False,configuration_file_emcee_run_DS4_2p_2_activity_indi_single.log
DS4,2_activity_indi_single,3p,4341.47,52.82999999999993,94.87179487179486,1.170269,False,configuration_file_emcee_run_DS4_3p_2_activity_indi_single.log
DS4,4_activity_indi_single,0p,4907.19,1.819999999999709,100.0,1.030219,False,configuration_file_emcee_run_DS4_0p_4_activity_indi_single.log
DS4,4_activity_indi_single,1p,4905.37,0.0,100.0,1.042765,True,configuration_file_emcee_run_DS4_1p_4_activity_indi_single.log
DS4,4_activity_indi_single,2p,4941.18,35.8100000000004,100.0,1.098571,False,configuration_file_emcee_run_DS4_2p_4_activity_indi_single.log
DS4,4_activity_indi_single,3p,4935.09,29.720000000000255,94.33962264150944,1.236012,False,configuration_file_emcee_run_DS4_3p_4_activity_indi_single.log
DS4,5_activity_indi_single,0p,2494.49,3.2199999999998,100.0,1.051608,False,configuration_file_emcee_run_DS4_0p_5_activity_indi_single.log
DS4,5_activity_indi_single,1p,2491.27,0.0,100.0,1.082589,True,configuration_file_emcee_run_DS4_1p_5_activity_indi_single.log
DS4,5_activity_indi_single,2p,2526.42,35.15000000000009,81.81818181818183,1.165552,False,configuration_file_emcee_run_DS4_2p_5_activity_indi_single.log
DS4,5_activity_indi_single,3p,2532.35,41.07999999999993,91.66666666666666,1.199267,False,configuration_file_emcee_run_DS4_3p_5_activity_indi_single.log
DS4,ccfs_single,0p,6763.37,0.0,95.83333333333334,1.138619,True,configuration_file_emcee_run_DS4_0p_ccfs_single.log
DS4,ccfs_single,1p,6784.61,21.23999999999978,100.0,1.0943,False,configuration_file_emcee_run_DS4_1p_ccfs_single.log
DS4,ccfs_single,2p,6784.71,21.340000000000146,100.0,1.07508,False,configuration_file_emcee_run_DS4_2p_ccfs_single.log
DS4,ccfs_single,3p,6804.52,41.150000000000546,94.87179487179486,1.131414,False,configuration_file_emcee_run_DS4_3p_ccfs_single.log
DS5,2_activity_indi_single,0p,4348.63,0.0,100.0,1.006013,True,configuration_file_emcee_run_DS5_0p_2_activity_indi_single.log
DS5,2_activity_indi_single,1p,4368.25,19.61999999999989,86.20689655172413,1.207473,False,configuration_file_emcee_run_DS5_1p_2_activity_indi_single.log
DS5,2_activity_indi_single,2p,4361.49,12.859999999999673,91.17647058823529,1.230745,False,configuration_file_emcee_run_DS5_2p_2_activity_indi_single.log
DS5,2_activity_indi_single,3p,4382.48,33.849999999999454,89.74358974358975,1.321116,False,configuration_file_emcee_run_DS5_3p_2_activity_indi_single.log
DS5,4_activity_indi_single,0p,4920.26,3.600000000000364,100.0,1.098399,False,configuration_file_emcee_run_DS5_0p_4_activity_indi_single.log
DS5,4_activity_indi_single,1p,4916.66,0.0,100.0,1.049769,True,configuration_file_emcee_run_DS5_1p_4_activity_indi_single.log
DS5,4_activity_indi_single,2p,4931.31,14.650000000000546,95.83333333333334,1.150397,False,configuration_file_emcee_run_DS5_2p_4_activity_indi_single.log
DS5,4_activity_indi_single,3p,4956.73,40.06999999999971,88.67924528301887,1.14829,False,configuration_file_emcee_run_DS5_3p_4_activity_indi_single.log
DS5,5_activity_indi_single,0p,2472.37,13.989999999999782,100.0,1.080797,False,configuration_file_emcee_run_DS5_0p_5_activity_indi_single.log
DS5,5_activity_indi_single,1p,2466.21,7.829999999999927,100.0,1.061287,False,configuration_file_emcee_run_DS5_1p_5_activity_indi_single.log
DS5,5_activity_indi_single,2p,2458.38,0.0,100.0,1.040007,True,configuration_file_emcee_run_DS5_2p_5_activity_indi_single.log
DS5,5_activity_indi_single,3p,2505.81,47.429999999999836,95.0,1.275996,False,configuration_file_emcee_run_DS5_3p_5_activity_indi_single.log
DS5,ccfs_single,0p,6814.73,1.1899999999995998,100.0,1.007839,False,configuration_file_emcee_run_DS5_0p_ccfs_single.log
DS5,ccfs_single,1p,6819.43,5.890000000000327,100.0,1.0125,False,configuration_file_emcee_run_DS5_1p_ccfs_single.log
DS5,ccfs_single,2p,6813.54,0.0,100.0,1.024891,True,configuration_file_emcee_run_DS5_2p_ccfs_single.log
DS5,ccfs_single,3p,6835.2,21.659999999999854,94.87179487179486,1.125043,False,configuration_file_emcee_run_DS5_3p_ccfs_single.log
DS6,2_activity_indi_single,0p,4890.13,0.0,87.5,1.276596,True,configuration_file_emcee_run_DS6_0p_2_activity_indi_single.log
DS6,2_activity_indi_single,1p,4901.42,11.289999999999964,93.10344827586206,1.259952,False,configuration_file_emcee_run_DS6_1p_2_activity_indi_single.log
DS6,2_activity_indi_single,2p,4898.09,7.960000000000036,100.0,1.084316,False,configuration_file_emcee_run_DS6_2p_2_activity_indi_single.log
DS6,2_activity_indi_single,3p,4937.94,47.80999999999949,100.0,1.085377,False,configuration_file_emcee_run_DS6_3p_2_activity_indi_single.log
DS6,4_activity_indi_single,0p,5504.36,0.0,100.0,1.046171,True,configuration_file_emcee_run_DS6_0p_4_activity_indi_single.log
DS6,4_activity_indi_single,1p,5518.93,14.570000000000618,100.0,1.049265,False,configuration_file_emcee_run_DS6_1p_4_activity_indi_single.log
DS6,4_activity_indi_single,2p,5531.21,26.850000000000364,93.75,1.192375,False,configuration_file_emcee_run_DS6_2p_4_activity_indi_single.log
DS6,4_activity_indi_single,3p,5531.26,26.900000000000546,100.0,1.079945,False,configuration_file_emcee_run_DS6_3p_4_activity_indi_single.log
DS6,5_activity_indi_single,0p,2649.74,0.0,100.0,1.055886,True,configuration_file_emcee_run_DS6_0p_5_activity_indi_single.log
DS6,5_activity_indi_single,1p,2667.36,17.620000000000346,98.0,1.101813,False,configuration_file_emcee_run_DS6_1p_5_activity_indi_single.log
DS6,5_activity_indi_single,2p,2684.0,34.26000000000022,98.18181818181819,1.121578,False,configuration_file_emcee_run_DS6_2p_5_activity_indi_single.log
DS6,5_activity_indi_single,3p,2684.4,34.66000000000031,93.33333333333333,1.107358,False,configuration_file_emcee_run_DS6_3p_5_activity_indi_single.log
DS6,ccfs_single,0p,7686.01,0.0,100.0,1.007247,True,configuration_file_emcee_run_DS6_0p_ccfs_single.log
DS6,ccfs_single,1p,7699.26,13.25,93.10344827586206,1.169055,False,configuration_file_emcee_run_DS6_1p_ccfs_single.log
DS6,ccfs_single,2p,7712.31,26.300000000000182,94.11764705882352,1.167552,False,configuration_file_emcee_run_DS6_2p_ccfs_single.log
DS6,ccfs_single,3p,7709.58,23.56999999999971,100.0,1.054384,False,configuration_file_emcee_run_DS6_3p_ccfs_single.log
DS7,2_activity_indi_single,0p,4454.22,12.159999999999854,100.0,1.006913,False,configuration_file_emcee_run_DS7_0p_2_activity_indi_single.log
DS7,2_activity_indi_single,1p,4442.06,0.0,100.0,1.07785,True,configuration_file_emcee_run_DS7_1p_2_activity_indi_single.log
DS7,2_activity_indi_single,2p,4457.22,15.159999999999854,100.0,1.080619,False,configuration_file_emcee_run_DS7_2p_2_activity_indi_single.log
DS7,2_activity_indi_single,3p,4476.59,34.529999999999745,84.61538461538461,1.167791,False,configuration_file_emcee_run_DS7_3p_2_activity_indi_single.log
DS7,4_activity_indi_single,0p,5052.91,8.63000000000011,100.0,1.02447,False,configuration_file_emcee_run_DS7_0p_4_activity_indi_single.log
DS7,4_activity_indi_single,1p,5044.28,0.0,100.0,1.09348,True,configuration_file_emcee_run_DS7_1p_4_activity_indi_single.log
DS7,4_activity_indi_single,2p,5061.84,17.5600000000004,97.91666666666666,1.151005,False,configuration_file_emcee_run_DS7_2p_4_activity_indi_single.log
DS7,4_activity_indi_single,3p,5077.73,33.44999999999982,88.67924528301887,1.134591,False,configuration_file_emcee_run_DS7_3p_4_activity_indi_single.log
DS7,5_activity_indi_single,0p,2497.13,27.210000000000036,95.55555555555556,1.125432,False,configuration_file_emcee_run_DS7_0p_5_activity_indi_single.log
DS7,5_activity_indi_single,1p,2469.92,0.0,100.0,1.094026,True,configuration_file_emcee_run_DS7_1p_5_activity_indi_single.log
DS7,5_activity_indi_single,2p,2472.94,3.019999999999982,100.0,1.079263,False,configuration_file_emcee_run_DS7_2p_5_activity_indi_single.log
DS7,5_activity_indi_single,3p,2493.62,23.699999999999818,98.33333333333333,1.129683,False,configuration_file_emcee_run_DS7_3p_5_activity_indi_single.log
DS7,ccfs_single,0p,6971.46,21.68000000000029,91.66666666666666,1.164368,False,configuration_file_emcee_run_DS7_0p_ccfs_single.log
DS7,ccfs_single,1p,6949.78,0.0,93.10344827586206,1.12422,True,configuration_file_emcee_run_DS7_1p_ccfs_single.log
DS7,ccfs_single,2p,6962.02,12.240000000000691,100.0,1.033861,False,configuration_file_emcee_run_DS7_2p_ccfs_single.log
DS7,ccfs_single,3p,6973.88,24.100000000000364,97.43589743589743,1.195547,False,configuration_file_emcee_run_DS7_3p_ccfs_single.log
DS8,2_activity_indi_single,0p,4934.13,1.2399999999997817,100.0,1.008948,False,configuration_file_emcee_run_DS8_0p_2_activity_indi_single.log
DS8,2_activity_indi_single,1p,4932.89,0.0,100.0,1.011725,True,configuration_file_emcee_run_DS8_1p_2_activity_indi_single.log
DS8,2_activity_indi_single,2p,4944.44,11.549999999999272,97.05882352941177,1.121596,False,configuration_file_emcee_run_DS8_2p_2_activity_indi_single.log
DS8,2_activity_indi_single,3p,4966.12,33.22999999999956,94.87179487179486,1.197088,False,configuration_file_emcee_run_DS8_3p_2_activity_indi_single.log
DS8,4_activity_indi_single,0p,5651.65,2.319999999999709,100.0,1.037592,False,configuration_file_emcee_run_DS8_0p_4_activity_indi_single.log
DS8,4_activity_indi_single,1p,5649.33,0.0,100.0,1.04923,True,configuration_file_emcee_run_DS8_1p_4_activity_indi_single.log
DS8,4_activity_indi_single,2p,5660.82,11.489999999999782,100.0,1.087739,False,configuration_file_emcee_run_DS8_2p_4_activity_indi_single.log
DS8,4_activity_indi_single,3p,5673.06,23.730000000000473,96.22641509433963,1.277537,False,configuration_file_emcee_run_DS8_3p_4_activity_indi_single.log
DS8,5_activity_indi_single,0p,2789.25,0.0,100.0,1.063509,True,configuration_file_emcee_run_DS8_0p_5_activity_indi_single.log
DS8,5_activity_indi_single,1p,2795.42,6.170000000000073,100.0,1.077495,False,configuration_file_emcee_run_DS8_1p_5_activity_indi_single.log
DS8,5_activity_indi_single,2p,2802.68,13.429999999999836,100.0,1.093218,False,configuration_file_emcee_run_DS8_2p_5_activity_indi_single.log
DS8,5_activity_indi_single,3p,2810.78,21.5300000000002,98.33333333333333,1.110903,False,configuration_file_emcee_run_DS8_3p_5_activity_indi_single.log
DS8,ccfs_single,0p,7889.99,0.0,100.0,1.007057,True,configuration_file_emcee_run_DS8_0p_ccfs_single.log
DS8,ccfs_single,1p,7891.76,1.7700000000004366,100.0,1.015128,False,configuration_file_emcee_run_DS8_1p_ccfs_single.log
DS8,ccfs_single,2p,7910.0,20.01000000000022,100.0,1.066901,False,configuration_file_emcee_run_DS8_2p_ccfs_single.log
DS8,ccfs_single,3p,7923.77,33.780000000000655,94.87179487179486,1.151713,False,configuration_file_emcee_run_DS8_3p_ccfs_single.log
DS9,2_activity_indi_single,0p,3787.3,55.340000000000146,100.0,1.058693,False,configuration_file_emcee_run_DS9_0p_2_activity_indi_single.log
DS9,2_activity_indi_single,1p,3740.14,8.179999999999836,100.0,1.097757,False,configuration_file_emcee_run_DS9_1p_2_activity_indi_single.log
DS9,2_activity_indi_single,2p,3731.96,0.0,97.05882352941177,1.116445,True,configuration_file_emcee_run_DS9_2p_2_activity_indi_single.log
DS9,2_activity_indi_single,3p,3764.12,32.159999999999854,94.87179487179486,1.123559,False,configuration_file_emcee_run_DS9_3p_2_activity_indi_single.log
DS9,4_activity_indi_single,0p,4330.99,57.719999999999345,100.0,1.072644,False,configuration_file_emcee_run_DS9_0p_4_activity_indi_single.log
DS9,4_activity_indi_single,1p,4296.81,23.539999999999964,100.0,1.028265,False,configuration_file_emcee_run_DS9_1p_4_activity_indi_single.log
DS9,4_activity_indi_single,2p,4273.27,0.0,100.0,1.027655,True,configuration_file_emcee_run_DS9_2p_4_activity_indi_single.log
DS9,4_activity_indi_single,3p,4305.85,32.57999999999993,100.0,1.08886,False,configuration_file_emcee_run_DS9_3p_4_activity_indi_single.log
DS9,5_activity_indi_single,0p,2205.15,58.11000000000013,91.11111111111111,1.163641,False,configuration_file_emcee_run_DS9_0p_5_activity_indi_single.log
DS9,5_activity_indi_single,1p,2169.46,22.420000000000073,100.0,1.054016,False,configuration_file_emcee_run_DS9_1p_5_activity_indi_single.log
DS9,5_activity_indi_single,2p,2147.04,0.0,100.0,1.033945,True,configuration_file_emcee_run_DS9_2p_5_activity_indi_single.log
DS9,5_activity_indi_single,3p,2173.48,26.440000000000055,98.33333333333333,1.118099,False,configuration_file_emcee_run_DS9_3p_5_activity_indi_single.log
DS9,ccfs_single,0p,5909.27,61.48000000000047,100.0,1.036305,False,configuration_file_emcee_run_DS9_0p_ccfs_single.log
DS9,ccfs_single,1p,5872.28,24.48999999999978,100.0,1.011412,False,configuration_file_emcee_run_DS9_1p_ccfs_single.log
DS9,ccfs_single,2p,5847.79,0.0,100.0,1.01621,True,configuration_file_emcee_run_DS9_2p_ccfs_single.log
DS9,ccfs_single,3p,5874.3,26.51000000000022,100.0,1.068769,False,configuration_file_emcee_run_DS9_3p_ccfs_single.log
